"puesto","fechaPub","ID","fechaScraping"
"Ejecutivo Comercial Corporativo","Publicado hace 5 horas","www.buscojobs.com.uy/ejecutivo-comercial-corporativo-ID-164246",2019-01-07 17:57:56
"Técnico de Mantenimiento","Publicado hace 5 horas","www.buscojobs.com.uy/tecnico-de-mantenimiento-ID-164245",2019-01-07 17:57:56
"Responsable de logística","Publicado hace 5 horas","www.buscojobs.com.uy/responsable-de-logistica-ID-164243",2019-01-07 17:57:56
"Anfitriones de Cruceros Temporada 2019","Publicado hace 6 horas","www.buscojobs.com.uy/anfitriones-de-cruceros-temporada-2019-ID-164240",2019-01-07 17:57:56
"Oficial Electricista","Publicado hace 6 horas","www.buscojobs.com.uy/oficial-electricista-ID-164195",2019-01-07 17:57:56
"Desarrollador PHP full stack","Publicado hace 6 horas","www.buscojobs.com.uy/desarrollador-php-full-stack-ID-164238",2019-01-07 17:57:56
"Asistente Comercial - Multinacional de origen francés","Publicado hace 6 horas","www.buscojobs.com.uy/asistente-comercial-multinacional-de-origen-frances-ID-164234",2019-01-07 17:57:56
"ANALISTA DE RRHH","Publicado hace 7 horas","www.buscojobs.com.uy/analista-de-rrhh-ID-164229",2019-01-07 17:57:56
"Comprador","Publicado hace 7 horas","www.buscojobs.com.uy/comprador-ID-164233",2019-01-07 17:57:56
"Ejecutivo de venta telefónica - Portugués","Publicado hace 7 horas","www.buscojobs.com.uy/ejecutivo-de-venta-telefonica-portugues-ID-164227",2019-01-07 17:57:56
"Vendedor mostrador","Publicado hace 8 horas","www.buscojobs.com.uy/vendedor-mostrador-ID-164226",2019-01-07 17:57:56
"OPERARIO PARA INDUSTRIA ALIMENTICIA","Publicado hace 8 horas","www.buscojobs.com.uy/operario-para-industria-alimenticia-ID-164225",2019-01-07 17:57:56
"Developer .Net en Back End","Publicado hace 8 horas","www.buscojobs.com.uy/developer-net-en-back-end-ID-164221",2019-01-07 17:57:56
".NET Developer","Publicado hace 8 horas","www.buscojobs.com.uy/net-developer-ID-164216",2019-01-07 17:57:56
"Angular - Frontend Developer","Publicado hace 8 horas","www.buscojobs.com.uy/angular-frontend-developer-ID-164215",2019-01-07 17:57:56
"Asistente de Ventas para Panadería","Publicado hace 8 horas","www.buscojobs.com.uy/asistente-de-ventas-para-panaderia-ID-164223",2019-01-07 17:57:56
"Peón C/Experiencia para Importadora de Alimentos","Publicado hace 9 horas","www.buscojobs.com.uy/peon-cexperiencia-para-importadora-de-alimentos-ID-164211",2019-01-07 17:57:56
"Aprendiz Adelantado","Publicado hace 9 horas","www.buscojobs.com.uy/aprendiz-adelantado-ID-164214",2019-01-07 17:57:56
"¡Atención Salto! Buscamos experta en Cosmetología, perfumería","Publicado hace 11 horas","www.buscojobs.com.uy/atencion-salto-buscamos-experta-en-cosmetologia-perfumeria-ID-164209",2019-01-07 17:57:56
"Auxiliar de Producción","Publicado hace 3 días","www.buscojobs.com.uy/auxiliar-de-produccion-ID-164099",2019-01-07 17:57:56
"AUXILIAR CONTABLE","Publicado hace 3 días","www.buscojobs.com.uy/auxiliar-contable-ID-164193",2019-01-07 17:57:56
"Vendedores y Operadores de Telemarketing zafrales","Publicado hace 3 días","www.buscojobs.com.uy/vendedores-y-operadores-de-telemarketing-zafrales-ID-164191",2019-01-07 17:57:56
"Administrativo Contable","Publicado hace 3 días","www.buscojobs.com.uy/administrativo-contable-ID-164162",2019-01-07 17:57:56
"Auxiliar de Mantenimiento turno Vespertino","Publicado hace 3 días","www.buscojobs.com.uy/auxiliar-de-mantenimiento-turno-vespertino-ID-164180",2019-01-07 17:57:56
"Bibliotecólogo turno Vespertino","Publicado hace 3 días","www.buscojobs.com.uy/bibliotecologo-turno-vespertino-ID-164184",2019-01-07 17:57:56
"Cajero y Auxiliar Contable-Administrativo Zafrales","Publicado hace 3 días","www.buscojobs.com.uy/cajero-y-auxiliar-contable-administrativo-zafrales-ID-164190",2019-01-07 17:57:56
"Programador .Net","Publicado hace 3 días","www.buscojobs.com.uy/programador-net-ID-164177",2019-01-07 17:57:56
"Corporate Governance Coordinator","Publicado hace 3 días","www.buscojobs.com.uy/corporate-governance-coordinator-ID-164178",2019-01-07 17:57:56
"Vendedor/Preventa Software (Técnico - Comercial)","Publicado hace 4 días","www.buscojobs.com.uy/vendedorpreventa-software-tecnico-comercial-ID-164161",2019-01-07 17:57:56
"Coordinador de Capacitación","Publicado hace 4 días","www.buscojobs.com.uy/coordinador-de-capacitacion-ID-164157",2019-01-07 17:57:56
"ENCARGADO DE SERVICIO AL CLIENTE","Publicado hace 4 días","www.buscojobs.com.uy/encargado-de-servicio-al-cliente-ID-164145",2019-01-07 17:57:56
"L1 Customer Support Engineer ($30K/year)  - Remote Work","Publicado hace 4 días","www.buscojobs.com.uy/l1-customer-support-engineer-30kyear-remote-work-ID-164136",2019-01-07 17:57:56
"Auxiliar Contable Jr.","Publicado hace 4 días","www.buscojobs.com.uy/auxiliar-contable-jr-ID-164134",2019-01-07 17:57:56
"Asistente para Control de Valores","Publicado hace 4 días","www.buscojobs.com.uy/asistente-para-control-de-valores-ID-164133",2019-01-07 17:57:56
"AYUDANTE para REPARTO (camioneta)","Publicado hace 5 días","www.buscojobs.com.uy/ayudante-para-reparto-camioneta-ID-164126",2019-01-07 17:57:56
"Recepcionista Secretaria","Publicado hace 5 días","www.buscojobs.com.uy/recepcionista-secretaria-ID-164100",2019-01-07 17:57:56
"Steward - horario cortado","Publicado hace 7 días","www.buscojobs.com.uy/steward-horario-cortado-ID-164095",2019-01-07 17:57:56
"Product Support Manager ($100K/year)  - Remote Work","Publicado hace 8 días","www.buscojobs.com.uy/product-support-manager-100kyear-remote-work-ID-164090",2019-01-07 17:57:56
"Desktop Support","Publicado hace 10 días","www.buscojobs.com.uy/desktop-support-ID-164025",2019-01-07 17:57:56
"Communication Facilitator","Publicado hace 10 días","www.buscojobs.com.uy/communication-facilitator-ID-164075",2019-01-07 17:57:56
"Encargada de Sucursal","Publicado hace 10 días","www.buscojobs.com.uy/encargada-de-sucursal-ID-164059",2019-01-07 17:57:56
"Ayudante de cocina","Publicado hace 11 días","www.buscojobs.com.uy/ayudante-de-cocina-ID-164052",2019-01-07 17:57:56
"Vendedor de Maquinaria Vial y Grúas","Publicado hace 11 días","www.buscojobs.com.uy/vendedor-de-maquinaria-vial-y-gruas-ID-163937",2019-01-07 17:57:56
"VENDEDOR TELEFÒNICO","Publicado hace 11 días","www.buscojobs.com.uy/vendedor-telefonico-ID-164039",2019-01-07 17:57:56
"Aux. Administrativo/a Filial Maldonado","Publicado hace 11 días","www.buscojobs.com.uy/aux-administrativoa-filial-maldonado-ID-164028",2019-01-07 17:57:56
"Idóneo en Farmacia","Publicado hace 3 horas","www.buscojobs.com.uy/idoneo-en-farmacia-ID-164250",2019-01-07 17:57:56
"Delivery c/moto propia de 15 a 21 hs","Publicado hace 3 horas","www.buscojobs.com.uy/delivery-cmoto-propia-de-15-a-21-hs-ID-164249",2019-01-07 17:57:56
"CONSULTOR/A","Publicado hace 3 horas","www.buscojobs.com.uy/consultora-ID-164228",2019-01-07 17:57:56
"Telemarketer (Asistente de Desarrollo de Negocio)","Publicado hace 3 horas","www.buscojobs.com.uy/telemarketer-asistente-de-desarrollo-de-negocio-ID-164220",2019-01-07 17:57:56
"Encargado de Logistica y Depósito","Publicado hace 4 horas","www.buscojobs.com.uy/encargado-de-logistica-y-deposito-ID-164248",2019-01-07 17:57:56
"AUXILIAR","Publicado hace 4 horas","www.buscojobs.com.uy/auxiliar-ID-164235",2019-01-07 17:57:56
"Cajera/o para Farmacia de 15 a 23 hs.","Publicado hace 4 horas","www.buscojobs.com.uy/cajerao-para-farmacia-de-15-a-23-hs-ID-164247",2019-01-07 17:57:56
"Auxiliar Administrativo","Publicado hace 4 horas","www.buscojobs.com.uy/auxiliar-administrativo-ID-164244",2019-01-07 17:57:56
"Tech Support & Customer Service","Publicado hace 5 horas","www.buscojobs.com.uy/tech-support-customer-service-ID-164242",2019-01-07 17:57:56
"Técnico Electromecánico - con libreta A","Publicado hace 6 horas","www.buscojobs.com.uy/tecnico-electromecanico-con-libreta-a-ID-164138",2019-01-07 17:57:56
"Vendedor","Publicado hace 6 horas","www.buscojobs.com.uy/vendedor-ID-164236",2019-01-07 17:57:56
"VENDEDOR PROFESIONAL","Publicado hace 6 horas","www.buscojobs.com.uy/vendedor-profesional-ID-164218",2019-01-07 17:57:56
"Administrativo para Inmobiliaria en Maldonado","Publicado hace 7 horas","www.buscojobs.com.uy/administrativo-para-inmobiliaria-en-maldonado-ID-164230",2019-01-07 17:57:56
"Visual Merchandiser para HyM, líder mundial de la moda","Publicado hace 7 horas","www.buscojobs.com.uy/visual-merchandiser-para-hym-lider-mundial-de-la-moda-ID-164200",2019-01-07 17:57:56
"Desarrollador .Net","Publicado hace 8 horas","www.buscojobs.com.uy/desarrollador-net-ID-164222",2019-01-07 17:57:56
"chofer cobrador con libreta profesional para camión","Publicado hace 9 horas","www.buscojobs.com.uy/chofer-cobrador-con-libreta-profesional-para-camion-ID-164217",2019-01-07 17:57:56
"Técnico/a de atención telefónica","Publicado hace 9 horas","www.buscojobs.com.uy/tecnicoa-de-atencion-telefonica-ID-164212",2019-01-07 17:57:56
"Comercialización y Distribución","Publicado hace un día","www.buscojobs.com.uy/comercializacion-y-distribucion-ID-164205",2019-01-07 17:57:56
"AUXILIAR DE ENFERMERIA (sexo femenino)","Publicado hace un día","www.buscojobs.com.uy/auxiliar-de-enfermeria-sexo-femenino-ID-164204",2019-01-07 17:57:56
"Residencial del ancianos solicita personal (varios perfiles)","Publicado hace un día","www.buscojobs.com.uy/residencial-del-ancianos-solicita-personal-varios-perfiles-ID-164203",2019-01-07 17:57:56
"Planificador de campañas","Publicado hace 3 días","www.buscojobs.com.uy/planificador-de-campanas-ID-164201",2019-01-07 17:57:56
"Vendedor","Publicado hace 3 días","www.buscojobs.com.uy/vendedor-ID-164198",2019-01-07 17:57:56
"Vendedor con Moto","Publicado hace 3 días","www.buscojobs.com.uy/vendedor-con-moto-ID-164197",2019-01-07 17:57:56
"Gestor de Morosos - Negociador","Publicado hace 3 días","www.buscojobs.com.uy/gestor-de-morosos-negociador-ID-164196",2019-01-07 17:57:56
"Asistente en Software Administrativo","Publicado hace 3 días","www.buscojobs.com.uy/asistente-en-software-administrativo-ID-164194",2019-01-07 17:57:56
"Desarrollador .Net y Android Studio","Publicado hace 3 días","www.buscojobs.com.uy/desarrollador-net-y-android-studio-ID-164155",2019-01-07 17:57:56
"Promotor - Asesor para el departamento de Colonia","Publicado hace 3 días","www.buscojobs.com.uy/promotor-asesor-para-el-departamento-de-colonia-ID-164163",2019-01-07 17:57:56
"SOPORTE INFORMATICO","Publicado hace 3 días","www.buscojobs.com.uy/soporte-informatico-ID-164182",2019-01-07 17:57:56
"Junior Full Stack Developer","Publicado hace 3 días","www.buscojobs.com.uy/junior-full-stack-developer-ID-164189",2019-01-07 17:57:56
"Oficial instrumentista","Publicado hace 3 días","www.buscojobs.com.uy/oficial-instrumentista-ID-164186",2019-01-07 17:57:56
"Asistente Comercial","Publicado hace 3 días","www.buscojobs.com.uy/asistente-comercial-ID-164165",2019-01-07 17:57:56
"Responsable de Instalaciones","Publicado hace 3 días","www.buscojobs.com.uy/responsable-de-instalaciones-ID-164187",2019-01-07 17:57:56
"Operador Callcenter Técnico","Publicado hace 3 días","www.buscojobs.com.uy/operador-callcenter-tecnico-ID-164183",2019-01-07 17:57:56
"Suplencia toma consumo- San Jose","Publicado hace 3 días","www.buscojobs.com.uy/suplencia-toma-consumo-san-jose-ID-164185",2019-01-07 17:57:56
"Cadete","Publicado hace 3 días","www.buscojobs.com.uy/cadete-ID-164179",2019-01-07 17:57:56
"Docente particular de Macroeconomía","Publicado hace 3 días","www.buscojobs.com.uy/docente-particular-de-macroeconomia-ID-164142",2019-01-07 17:57:56
"Tornero mecánico con conocimientos varios","Publicado hace 3 días","www.buscojobs.com.uy/tornero-mecanico-con-conocimientos-varios-ID-164111",2019-01-07 17:57:56
"Vendedoras de calle","Publicado hace 4 días","www.buscojobs.com.uy/vendedoras-de-calle-ID-164151",2019-01-07 17:57:56
"Encargado de Puntos de Venta para canal de distribución","Publicado hace 4 días","www.buscojobs.com.uy/encargado-de-puntos-de-venta-para-canal-de-distribucion-ID-164167",2019-01-07 17:57:56
"Analista de Operaciones","Publicado hace 4 días","www.buscojobs.com.uy/analista-de-operaciones-ID-164166",2019-01-07 17:57:56
"Ejecutivo de Cuentas","Publicado hace 4 días","www.buscojobs.com.uy/ejecutivo-de-cuentas-ID-164164",2019-01-07 17:57:56
"Management Assistant","Publicado hace 4 días","www.buscojobs.com.uy/management-assistant-ID-164140",2019-01-07 17:57:56
"VENDEDOR CORREDOR CON CARTERA DE CLIENTES","Publicado hace 4 días","www.buscojobs.com.uy/vendedor-corredor-con-cartera-de-clientes-ID-164153",2019-01-07 17:57:56
"Vendedor ","Publicado hace 4 días","www.buscojobs.com.uy/vendedor-ID-164160",2019-01-07 17:57:56
"Especialista Técnico en Infraestructura","Publicado hace 4 días","www.buscojobs.com.uy/especialista-tecnico-en-infraestructura-ID-164159",2019-01-07 17:57:56
"Brand Planner","Publicado hace 4 días","www.buscojobs.com.uy/brand-planner-ID-164146",2019-01-07 17:57:56
"Responsable de Atención al Cliente","Publicado hace 4 días","www.buscojobs.com.uy/responsable-de-atencion-al-cliente-ID-164150",2019-01-07 17:57:56
"Agente Telefónico con Portugués- Zonamerica","Publicado hace 4 días","www.buscojobs.com.uy/agente-telefonico-con-portugues-zonamerica-ID-164158",2019-01-07 17:57:56
"Lic. en Psicología","Publicado hace 4 días","www.buscojobs.com.uy/lic-en-psicologia-ID-164156",2019-01-07 17:57:56
"Auxiliar Administrativo","Publicado hace 4 días","www.buscojobs.com.uy/auxiliar-administrativo-ID-164154",2019-01-07 17:57:56
"Promotor de Afiliaciones para Dpto. de Salto","Publicado hace 4 días","www.buscojobs.com.uy/promotor-de-afiliaciones-para-dpto-de-salto-ID-164152",2019-01-07 17:57:56
"Contador Público para Estudio Contable","Publicado hace 4 días","www.buscojobs.com.uy/contador-publico-para-estudio-contable-ID-164119",2019-01-07 17:57:56
"We are looking for software engineers for iOS!","Publicado hace 4 días","www.buscojobs.com.uy/we-are-looking-for-software-engineers-for-ios-ID-164149",2019-01-07 17:57:56
"Contador Publico","Publicado hace 4 días","www.buscojobs.com.uy/contador-publico-ID-164148",2019-01-07 17:57:56
"Técnico lechero","Publicado hace 4 días","www.buscojobs.com.uy/tecnico-lechero-ID-164147",2019-01-07 17:57:56
"Vendedor por Redes Sociales","Publicado hace 4 días","www.buscojobs.com.uy/vendedor-por-redes-sociales-ID-164143",2019-01-07 17:57:56
"Secretario/Recepcion","Publicado hace 4 días","www.buscojobs.com.uy/secretariorecepcion-ID-164141",2019-01-07 17:57:56
"Enfermera","Publicado hace 4 días","www.buscojobs.com.uy/enfermera-ID-164137",2019-01-07 17:57:56
"Técnico o Licenciado en Registros Médicos","Publicado hace 4 días","www.buscojobs.com.uy/tecnico-o-licenciado-en-registros-medicos-ID-164135",2019-01-07 17:57:56
"Armador/repartidor","Publicado hace 4 días","www.buscojobs.com.uy/armadorrepartidor-ID-164131",2019-01-07 17:57:56
"Laboratorista ente público- Durazno","Publicado hace 4 días","www.buscojobs.com.uy/laboratorista-ente-publico-durazno-ID-164132",2019-01-07 17:57:56
"Recepcionista Suplente- Durazno Ciudad","Publicado hace 5 días","www.buscojobs.com.uy/recepcionista-suplente-durazno-ciudad-ID-164124",2019-01-07 17:57:56
"EJECUTIVO/A DE VENTAS. EMPRESA DE EQUIPAMIENTOS DE PISCINAS","Publicado hace 5 días","www.buscojobs.com.uy/ejecutivoa-de-ventas-empresa-de-equipamientos-de-piscinas-ID-164121",2019-01-07 17:57:56
"Auxiliar de Atención al Publico","Publicado hace 5 días","www.buscojobs.com.uy/auxiliar-de-atencion-al-publico-ID-164122",2019-01-07 17:57:56
"Recepcionista para Taller Mecánico","Publicado hace 5 días","www.buscojobs.com.uy/recepcionista-para-taller-mecanico-ID-164102",2019-01-07 17:57:56
"Telefonista - Recepcionista","Publicado hace 5 días","www.buscojobs.com.uy/telefonista-recepcionista-ID-164123",2019-01-07 17:57:56
"Auxiliar de Ventas para Panadería en Trinidad","Publicado hace 5 días","www.buscojobs.com.uy/auxiliar-de-ventas-para-panaderia-en-trinidad-ID-164120",2019-01-07 17:57:56
"Supervisor de Puntos de Venta (Paysandú)","Publicado hace 5 días","www.buscojobs.com.uy/supervisor-de-puntos-de-venta-paysandu-ID-164118",2019-01-07 17:57:56
"Vendedor Zafral con contrato a termino","Publicado hace 5 días","www.buscojobs.com.uy/vendedor-zafral-con-contrato-a-termino-ID-164117",2019-01-07 17:57:56
"Encargado/a de Local Las Piedras","Publicado hace 5 días","www.buscojobs.com.uy/encargadoa-de-local-las-piedras-ID-164116",2019-01-07 17:57:56
"Oportunidades Laborales","Publicado hace 5 días","www.buscojobs.com.uy/oportunidades-laborales-ID-164115",2019-01-07 17:57:56
"Captación de donaciones / Call Center","Publicado hace 5 días","www.buscojobs.com.uy/captacion-de-donaciones-call-center-ID-164114",2019-01-07 17:57:56
"Pasante Marketing","Publicado hace 5 días","www.buscojobs.com.uy/pasante-marketing-ID-164103",2019-01-07 17:57:56
"DISEÑADOR WEB PART TIME","Publicado hace 5 días","www.buscojobs.com.uy/disenador-web-part-time-ID-164101",2019-01-07 17:57:56
"Secretaria Ejecutiva","Publicado hace 5 días","www.buscojobs.com.uy/secretaria-ejecutiva-ID-164113",2019-01-07 17:57:56
"AUXILIAR DE DEPOSITO","Publicado hace 5 días","www.buscojobs.com.uy/auxiliar-de-deposito-ID-164106",2019-01-07 17:57:56
"Agente de Atención Telefónica - Turno Nocturno (Zonamérica)","Publicado hace 5 días","www.buscojobs.com.uy/agente-de-atencion-telefonica-turno-nocturno-zonamerica-ID-164108",2019-01-07 17:57:56
"Auxiliar de Farmacia - Sistema de Guardias","Publicado hace 5 días","www.buscojobs.com.uy/auxiliar-de-farmacia-sistema-de-guardias-ID-164109",2019-01-07 17:57:56
"Auxiliar de Depósito con manejo de autoelevador- Contrato a Término","Publicado hace 5 días","www.buscojobs.com.uy/auxiliar-de-deposito-con-manejo-de-autoelevador-contrato-a-termino-ID-164107",2019-01-07 17:57:56
"Auxiliar Técnico para TI","Publicado hace 5 días","www.buscojobs.com.uy/auxiliar-tecnico-para-ti-ID-164110",2019-01-07 17:57:56
"Administrativa/encargada pago porveedores","Publicado hace 5 días","www.buscojobs.com.uy/administrativaencargada-pago-porveedores-ID-164104",2019-01-07 17:57:56
"Programador","Publicado hace 5 días","www.buscojobs.com.uy/programador-ID-164105",2019-01-07 17:57:56
"Operario Mantenimiento - Ente público","Publicado hace 5 días","www.buscojobs.com.uy/operario-mantenimiento-ente-publico-ID-164098",2019-01-07 17:57:56
"Encargada/o de tienda para Shopping","Publicado hace 7 días","www.buscojobs.com.uy/encargadao-de-tienda-para-shopping-ID-164096",2019-01-07 17:57:56
"Administrativo/recepcionista","Publicado hace 7 días","www.buscojobs.com.uy/administrativorecepcionista-ID-164094",2019-01-07 17:57:56
"Asistente de Instrumentación-Calidad de agua","Publicado hace 7 días","www.buscojobs.com.uy/asistente-de-instrumentacion-calidad-de-agua-ID-164093",2019-01-07 17:57:56
"Administración e importaciones","Publicado hace 8 días","www.buscojobs.com.uy/administracion-e-importaciones-ID-164092",2019-01-07 17:57:56
"Instalador de cableado estructurado","Publicado hace 8 días","www.buscojobs.com.uy/instalador-de-cableado-estructurado-ID-164091",2019-01-07 17:57:56
"Mucama y tareas adicionales","Publicado hace 8 días","www.buscojobs.com.uy/mucama-y-tareas-adicionales-ID-164089",2019-01-07 17:57:56
"CONTADOR para IMPUESTOS","Publicado hace 9 días","www.buscojobs.com.uy/contador-para-impuestos-ID-163926",2019-01-07 17:57:56
"Guardia de Seguridad","Publicado hace 9 días","www.buscojobs.com.uy/guardia-de-seguridad-ID-164037",2019-01-07 17:57:56
"Auxiliar de Servicio","Publicado hace 9 días","www.buscojobs.com.uy/auxiliar-de-servicio-ID-164035",2019-01-07 17:57:56
"Encargado de local comercial","Publicado hace 10 días","www.buscojobs.com.uy/encargado-de-local-comercial-ID-164087",2019-01-07 17:57:56
"Auxiliar contable - Estudiante avanzado","Publicado hace 10 días","www.buscojobs.com.uy/auxiliar-contable-estudiante-avanzado-ID-164074",2019-01-07 17:57:56
"Vendedor - con experiencia en insumos automotrices","Publicado hace 10 días","www.buscojobs.com.uy/vendedor-con-experiencia-en-insumos-automotrices-ID-164073",2019-01-07 17:57:56
"Vendedor telefónico","Publicado hace 10 días","www.buscojobs.com.uy/vendedor-telefonico-ID-164069",2019-01-07 17:57:56
"Asistente Técnico - Ciudad de la Costa","Publicado hace 10 días","www.buscojobs.com.uy/asistente-tecnico-ciudad-de-la-costa-ID-164072",2019-01-07 17:57:56
"Operario de planta  - Canalones, Santa Lucia","Publicado hace 10 días","www.buscojobs.com.uy/operario-de-planta-canalones-santa-lucia-ID-164070",2019-01-07 17:57:56
"ATENCIÓN TELEFÓNICA DE CLIENTES","Publicado hace 10 días","www.buscojobs.com.uy/atencion-telefonica-de-clientes-ID-164068",2019-01-07 17:57:56
"Administrativo Comercial","Publicado hace 10 días","www.buscojobs.com.uy/administrativo-comercial-ID-164067",2019-01-07 17:57:56
"Facer o captador de donantes en vía pública","Publicado hace 10 días","www.buscojobs.com.uy/facer-o-captador-de-donantes-en-via-publica-ID-164064",2019-01-07 17:57:56
"CONTADOR JUNIOR para oficina Zonamerica","Publicado hace 10 días","www.buscojobs.com.uy/contador-junior-para-oficina-zonamerica-ID-164063",2019-01-07 17:57:56
"Elevadorista por Suplencia","Publicado hace 10 días","www.buscojobs.com.uy/elevadorista-por-suplencia-ID-164062",2019-01-07 17:57:56
"DISEÑADOR WEB Y GRAFICO PART TIME CON CONOCIMIENTO ADWORD","Publicado hace 10 días","www.buscojobs.com.uy/disenador-web-y-grafico-part-time-con-conocimiento-adword-ID-164061",2019-01-07 17:57:56
"Cadete con Libreta","Publicado hace 10 días","www.buscojobs.com.uy/cadete-con-libreta-ID-164060",2019-01-07 17:57:56
"Docentes en construcción, sanitaria y electricidad - Tacuarembó","Publicado hace 10 días","www.buscojobs.com.uy/docentes-en-construccion-sanitaria-y-electricidad-tacuarembo-ID-164057",2019-01-07 17:57:56
"Programador Web .NET","Publicado hace 10 días","www.buscojobs.com.uy/programador-web-net-ID-164056",2019-01-07 17:57:56
"Asesor Comercial en Ventas (Vendedor Técnico)","Publicado hace 10 días","www.buscojobs.com.uy/asesor-comercial-en-ventas-vendedor-tecnico-ID-164038",2019-01-07 17:57:56
"Tecnico Administrativo Obra","Publicado hace 10 días","www.buscojobs.com.uy/tecnico-administrativo-obra-ID-164055",2019-01-07 17:57:56
"Ingeniero para Operación del Sistema de Tasación On-Line","Publicado hace 10 días","www.buscojobs.com.uy/ingeniero-para-operacion-del-sistema-de-tasacion-on-line-ID-164053",2019-01-07 17:57:56
"Oficial de telecomuncaciones","Publicado hace 11 días","www.buscojobs.com.uy/oficial-de-telecomuncaciones-ID-164045",2019-01-07 17:57:56
"Oficial de Montaje Electromecánico","Publicado hace 11 días","www.buscojobs.com.uy/oficial-de-montaje-electromecanico-ID-164044",2019-01-07 17:57:56
"Ayudante de Ingeniero Eléctrico","Publicado hace 11 días","www.buscojobs.com.uy/ayudante-de-ingeniero-electrico-ID-164043",2019-01-07 17:57:56
"Supervisor de obras de Telecomunicaciones","Publicado hace 11 días","www.buscojobs.com.uy/supervisor-de-obras-de-telecomunicaciones-ID-164041",2019-01-07 17:57:56
"Head Tax","Publicado hace 11 días","www.buscojobs.com.uy/head-tax-ID-164046",2019-01-07 17:57:56
"Telemarketer - Ventas telefónicas","Publicado hace 11 días","www.buscojobs.com.uy/telemarketer-ventas-telefonicas-ID-164029",2019-01-07 17:57:56
"Analista de Cuentas a Pagar","Publicado hace 11 días","www.buscojobs.com.uy/analista-de-cuentas-a-pagar-ID-164040",2019-01-07 17:57:56
"Oficial Técnico Aduanero","Publicado hace 11 días","www.buscojobs.com.uy/oficial-tecnico-aduanero-ID-163943",2019-01-07 17:57:56
"Técnico de Automatización","Publicado hace 11 días","www.buscojobs.com.uy/tecnico-de-automatizacion-ID-164036",2019-01-07 17:57:56
"Desarrollador .NET","Publicado hace 11 días","www.buscojobs.com.uy/desarrollador-net-ID-164034",2019-01-07 17:57:56
"Help Desk","Publicado hace 11 días","www.buscojobs.com.uy/help-desk-ID-164027",2019-01-07 17:57:56
"Desarrollador de SW Semi Senior","Publicado hace 11 días","www.buscojobs.com.uy/desarrollador-de-sw-semi-senior-ID-164032",2019-01-07 17:57:56
"Técnico para Servicio Técnico","Publicado hace 11 días","www.buscojobs.com.uy/tecnico-para-servicio-tecnico-ID-164030",2019-01-07 17:57:56
"Contributor Technical Support","Publicado hace 11 días","www.buscojobs.com.uy/contributor-technical-support-ID-164026",2019-01-07 17:57:56
"Auxiliar de depósito y Almacén","Publicado hace 11 días","www.buscojobs.com.uy/auxiliar-de-deposito-y-almacen-ID-164024",2019-01-07 17:57:56
"Limpiadores con experiencia","Publicado hace 11 días","www.buscojobs.com.uy/limpiadores-con-experiencia-ID-164023",2019-01-07 17:57:56
"Administración","Publicado hace 12 días","www.buscojobs.com.uy/administracion-ID-163909",2019-01-07 17:57:56
"ADMINISTRATIVO/A","Publicado hace 12 días","www.buscojobs.com.uy/administrativoa-ID-163938",2019-01-07 17:57:56
"DIRECTOR/A para Colegio Salesiano","Publicado hace 12 días","www.buscojobs.com.uy/directora-para-colegio-salesiano-ID-163995",2019-01-07 17:57:56
"Asistente Comercial","Publicado hace 12 días","www.buscojobs.com.uy/asistente-comercial-ID-164002",2019-01-07 17:57:56
"Auxiliar de Limpieza - Planta Industrial","Publicado hace 12 días","www.buscojobs.com.uy/auxiliar-de-limpieza-planta-industrial-ID-164001",2019-01-07 17:57:56
"Auxiliar Administrativo RR.HH","Publicado hace 12 días","www.buscojobs.com.uy/auxiliar-administrativo-rrhh-ID-163996",2019-01-07 17:57:56
"Analista Comercial de Marcas Propias","Publicado hace 12 días","www.buscojobs.com.uy/analista-comercial-de-marcas-propias-ID-164000",2019-01-07 17:57:56
"UX/UI Designer Senior","Publicado hace 12 días","www.buscojobs.com.uy/uxui-designer-senior-ID-163992",2019-01-07 17:57:56
"Operador contact center","Publicado hace 12 días","www.buscojobs.com.uy/operador-contact-center-ID-163987",2019-01-07 17:57:56
"Encargado/ para Local Comercial de Indumentaria.","Publicado hace 12 días","www.buscojobs.com.uy/encargado-para-local-comercial-de-indumentaria-ID-163998",2019-01-07 17:57:56
"Encargado de montaje - Para empresa de equipamiento de comercios","Publicado hace 12 días","www.buscojobs.com.uy/encargado-de-montaje-para-empresa-de-equipamiento-de-comercios-ID-163993",2019-01-07 17:57:56
"Encargada/o de Tienda en COLONIA","Publicado hace 12 días","www.buscojobs.com.uy/encargadao-de-tienda-en-colonia-ID-163994",2019-01-07 17:57:56
"Llamado para personas con discapacidad","Publicado hace 12 días","www.buscojobs.com.uy/llamado-para-personas-con-discapacidad-ID-163991",2019-01-07 17:57:56
"Diseñador Textil Junior","Publicado hace 12 días","www.buscojobs.com.uy/disenador-textil-junior-ID-163990",2019-01-07 17:57:56
"Sales Support Representative","Publicado hace 12 días","www.buscojobs.com.uy/sales-support-representative-ID-163989",2019-01-07 17:57:56
"VENDEDOR DE PLAZA","Publicado hace 12 días","www.buscojobs.com.uy/vendedor-de-plaza-ID-163985",2019-01-07 17:57:56
"Desarrollador WEB","Publicado hace 12 días","www.buscojobs.com.uy/desarrollador-web-ID-163984",2019-01-07 17:57:56
"Jefe de RRHH","Publicado hace 12 días","www.buscojobs.com.uy/jefe-de-rrhh-ID-163982",2019-01-07 17:57:56
"Contributor Product Specialist","Publicado hace 12 días","www.buscojobs.com.uy/contributor-product-specialist-ID-163983",2019-01-07 17:57:56
"People Care Specialist","Publicado hace 12 días","www.buscojobs.com.uy/people-care-specialist-ID-163981",2019-01-07 17:57:56
"Analista de Compras Fresh","Publicado hace 12 días","www.buscojobs.com.uy/analista-de-compras-fresh-ID-163980",2019-01-07 17:57:56
"Supervisor de Calidad e Inocuidad","Publicado hace 12 días","www.buscojobs.com.uy/supervisor-de-calidad-e-inocuidad-ID-163979",2019-01-07 17:57:56
"Auxiliar de Calidad e Inocuidad","Publicado hace 12 días","www.buscojobs.com.uy/auxiliar-de-calidad-e-inocuidad-ID-163978",2019-01-07 17:57:56
"Asistente para tareas varias","Publicado hace 13 días","www.buscojobs.com.uy/asistente-para-tareas-varias-ID-163970",2019-01-07 17:57:56
"ENCARGADAS/CAJERAS Y VENDEDORAS PARA LOCALES EN SHOPPINGS","Publicado hace 14 días","www.buscojobs.com.uy/encargadascajeras-y-vendedoras-para-locales-en-shoppings-ID-163969",2019-01-07 17:57:56
"Soporte Tecnico IT Funcional Software","Publicado hace 14 días","www.buscojobs.com.uy/soporte-tecnico-it-funcional-software-ID-163968",2019-01-07 17:57:56
"Contador Estudio Contable","Publicado hace 14 días","www.buscojobs.com.uy/contador-estudio-contable-ID-163967",2019-01-07 17:57:56
"Auxiliar de Facturacion","Publicado hace 14 días","www.buscojobs.com.uy/auxiliar-de-facturacion-ID-163953",2019-01-07 17:57:56
"Auxiliar de depósito","Publicado hace 14 días","www.buscojobs.com.uy/auxiliar-de-deposito-ID-163962",2019-01-07 17:57:56
"Administrativo - Paso de los Toros- UTE","Publicado hace 14 días","www.buscojobs.com.uy/administrativo-paso-de-los-toros-ute-ID-163961",2019-01-07 17:57:56
"Vendedor/a de Mostrador","Publicado hace 15 días","www.buscojobs.com.uy/vendedora-de-mostrador-ID-163885",2019-01-07 17:57:56
"Ayudante de Cocina","Publicado hace 15 días","www.buscojobs.com.uy/ayudante-de-cocina-ID-163959",2019-01-07 17:57:56
"Customer Support Manager ( $100K/year)  - Remote Work","Publicado hace 17 días","www.buscojobs.com.uy/customer-support-manager-100kyear-remote-work-ID-163958",2019-01-07 17:57:56
"C++ Software Engineer ( $30K/year)  - Remote Work","Publicado hace 17 días","www.buscojobs.com.uy/c-software-engineer-30kyear-remote-work-ID-163957",2019-01-07 17:57:56
"ADMINISTRATIVA SR Y GESTION DE OPERACIONES","Publicado hace 17 días","www.buscojobs.com.uy/administrativa-sr-y-gestion-de-operaciones-ID-163955",2019-01-07 17:57:56
"Auxiliar de Servicio y Tisaneria","Publicado hace 17 días","www.buscojobs.com.uy/auxiliar-de-servicio-y-tisaneria-ID-163947",2019-01-07 17:57:56
"Vendedores Telefónicos Senior - Español y Portugués","Publicado hace 17 días","www.buscojobs.com.uy/vendedores-telefonicos-senior-espanol-y-portugues-ID-163954",2019-01-07 17:57:56
"COMMUNITY MANAGER Y PLANIFICADOR DE CAMPAÑAS ONLINE","Publicado hace 17 días","www.buscojobs.com.uy/community-manager-y-planificador-de-campanas-online-ID-163952",2019-01-07 17:57:56
"Promotor de Afiliaciones de Montevideo","Publicado hace 17 días","www.buscojobs.com.uy/promotor-de-afiliaciones-de-montevideo-ID-163951",2019-01-07 17:57:56
"Lic., Ing. o estudiante avanzado de Sistemas- Desarrollador .NET","Publicado hace 17 días","www.buscojobs.com.uy/lic-ing-o-estudiante-avanzado-de-sistemas-desarrollador-net-ID-163946",2019-01-07 17:57:56
"Promotor de Afiliaciones para Dpto. de San Jose","Publicado hace 17 días","www.buscojobs.com.uy/promotor-de-afiliaciones-para-dpto-de-san-jose-ID-163945",2019-01-07 17:57:56
"Encargado de Mantenimiento","Publicado hace 17 días","www.buscojobs.com.uy/encargado-de-mantenimiento-ID-163944",2019-01-07 17:57:56
"Cadete","Publicado hace 17 días","www.buscojobs.com.uy/cadete-ID-163915",2019-01-07 17:57:56
"Auxiliar contable senior (contrato a término)","Publicado hace 17 días","www.buscojobs.com.uy/auxiliar-contable-senior-contrato-a-termino-ID-163914",2019-01-07 17:57:56
"Guardia de Seguridad","Publicado hace 17 días","www.buscojobs.com.uy/guardia-de-seguridad-ID-163940",2019-01-07 17:57:56
"Planificador de Medios","Publicado hace 17 días","www.buscojobs.com.uy/planificador-de-medios-ID-163939",2019-01-07 17:57:56
"Técnico soporte para mesa de ayuda con Formación Terciaria","Publicado hace 17 días","www.buscojobs.com.uy/tecnico-soporte-para-mesa-de-ayuda-con-formacion-terciaria-ID-163935",2019-01-07 17:57:56
"Vendedor con Libreta Conducir B","Publicado hace 17 días","www.buscojobs.com.uy/vendedor-con-libreta-conducir-b-ID-163934",2019-01-07 17:57:56
"Comercial en IT","Publicado hace 17 días","www.buscojobs.com.uy/comercial-en-it-ID-163858",2019-01-07 17:57:56
"Analista de Operaciones Comerciales.","Publicado hace 17 días","www.buscojobs.com.uy/analista-de-operaciones-comerciales-ID-163933",2019-01-07 17:57:56
"Foguista  industria farmacéutica","Publicado hace 17 días","www.buscojobs.com.uy/foguista-industria-farmaceutica-ID-163932",2019-01-07 17:57:56
"Ejecutivo nuevas cuentas área financiera-Multinacional Norteamericana","Publicado hace 17 días","www.buscojobs.com.uy/ejecutivo-nuevas-cuentas-area-financiera-multinacional-norteamericana-ID-163930",2019-01-07 17:57:56
"Teleagendadores importante financiera - multinacional","Publicado hace 17 días","www.buscojobs.com.uy/teleagendadores-importante-financiera-multinacional-ID-163929",2019-01-07 17:57:56
"Administrativo","Publicado hace 17 días","www.buscojobs.com.uy/administrativo-ID-163927",2019-01-07 17:57:56
"SUSHIMAN / SUSHIWOMAN","Publicado hace 17 días","www.buscojobs.com.uy/sushiman-sushiwoman-ID-163910",2019-01-07 17:57:56
"Desarrollador Jr.","Publicado hace 17 días","www.buscojobs.com.uy/desarrollador-jr-ID-163931",2019-01-07 17:57:56
"Analista de Créditos y Cobranza","Publicado hace 17 días","www.buscojobs.com.uy/analista-de-creditos-y-cobranza-ID-163928",2019-01-07 17:57:56
"Analista Administrativo/a - contrato a término durante 2019","Publicado hace 18 días","www.buscojobs.com.uy/analista-administrativoa-contrato-a-termino-durante-2019-ID-163922",2019-01-07 17:57:56
"Recepcionista","Publicado hace 18 días","www.buscojobs.com.uy/recepcionista-ID-163921",2019-01-07 17:57:56
"Vendedor Telefónico horario part time","Publicado hace 18 días","www.buscojobs.com.uy/vendedor-telefonico-horario-part-time-ID-163913",2019-01-07 17:57:56
"Director Preescolar","Publicado hace 18 días","www.buscojobs.com.uy/director-preescolar-ID-163919",2019-01-07 17:57:56
"Analista de Procesos","Publicado hace 18 días","www.buscojobs.com.uy/analista-de-procesos-ID-163918",2019-01-07 17:57:56
"Vendedores Telefónicos","Publicado hace 18 días","www.buscojobs.com.uy/vendedores-telefonicos-ID-163917",2019-01-07 17:57:56
"Desarrollador de SW","Publicado hace 18 días","www.buscojobs.com.uy/desarrollador-de-sw-ID-163916",2019-01-07 17:57:56
"Merchandiser / Reponedor para Maldonado- Temporada","Publicado hace 18 días","www.buscojobs.com.uy/merchandiser-reponedor-para-maldonado-temporada-ID-163912",2019-01-07 17:57:56
"Jefe de Producto Digital","Publicado hace 18 días","www.buscojobs.com.uy/jefe-de-producto-digital-ID-163906",2019-01-07 17:57:56
"Mucama - Limpiadora","Publicado hace 19 días","www.buscojobs.com.uy/mucama-limpiadora-ID-163876",2019-01-07 17:57:56
"Analista de Sistemas (Funcional)","Publicado hace 19 días","www.buscojobs.com.uy/analista-de-sistemas-funcional-ID-163896",2019-01-07 17:57:56
"Social Media Mgr","Publicado hace 19 días","www.buscojobs.com.uy/social-media-mgr-ID-163894",2019-01-07 17:57:56
"Project Manager","Publicado hace 19 días","www.buscojobs.com.uy/project-manager-ID-163895",2019-01-07 17:57:56
"Técnico Mantenimiento","Publicado hace 19 días","www.buscojobs.com.uy/tecnico-mantenimiento-ID-163886",2019-01-07 17:57:56
"Maquinista de refrigeración.","Publicado hace 19 días","www.buscojobs.com.uy/maquinista-de-refrigeracion-ID-163893",2019-01-07 17:57:56
"Analista de Testing","Publicado hace 19 días","www.buscojobs.com.uy/analista-de-testing-ID-163892",2019-01-07 17:57:56
"GERENTE COMERCIAL - CANAL TRADICIONAL","Publicado hace 19 días","www.buscojobs.com.uy/gerente-comercial-canal-tradicional-ID-163878",2019-01-07 17:57:56
"Contador/a Senior","Publicado hace 19 días","www.buscojobs.com.uy/contadora-senior-ID-163889",2019-01-07 17:57:56
"Analista Contable","Publicado hace 19 días","www.buscojobs.com.uy/analista-contable-ID-163856",2019-01-07 17:57:56
"JEFE DE FACTURACION","Publicado hace 19 días","www.buscojobs.com.uy/jefe-de-facturacion-ID-163857",2019-01-07 17:57:56
"Community Manager","Publicado hace 19 días","www.buscojobs.com.uy/community-manager-ID-163881",2019-01-07 17:57:56
"TECNICO EN SOPORTE Y REDES","Publicado hace 19 días","www.buscojobs.com.uy/tecnico-en-soporte-y-redes-ID-163880",2019-01-07 17:57:56
"Segundo de Cocina","Publicado hace 19 días","www.buscojobs.com.uy/segundo-de-cocina-ID-163849",2019-01-07 17:57:56
"Gestor de Creditos y Cobranzas","Publicado hace 19 días","www.buscojobs.com.uy/gestor-de-creditos-y-cobranzas-ID-163838",2019-01-07 17:57:56
"Asistente de Atención al Usuario Vespertino y Fines de Semana","Publicado hace 19 días","www.buscojobs.com.uy/asistente-de-atencion-al-usuario-vespertino-y-fines-de-semana-ID-163875",2019-01-07 17:57:56
"Reponedor Externo - COSTA DE ORO Y CIUDAD DE LA COSTA","Publicado hace 19 días","www.buscojobs.com.uy/reponedor-externo-costa-de-oro-y-ciudad-de-la-costa-ID-163874",2019-01-07 17:57:56
"Auxiliar de Depósito","Publicado hace 19 días","www.buscojobs.com.uy/auxiliar-de-deposito-ID-163873",2019-01-07 17:57:56
"Analista Senior en Relaciones Laborales","Publicado hace 20 días","www.buscojobs.com.uy/analista-senior-en-relaciones-laborales-ID-163866",2019-01-07 17:57:56
"AUXILIAR ADMINISTRATIVO CONTABLE","Publicado hace 20 días","www.buscojobs.com.uy/auxiliar-administrativo-contable-ID-163842",2019-01-07 17:57:56
"Tesorero- Cajero","Publicado hace 20 días","www.buscojobs.com.uy/tesorero-cajero-ID-163815",2019-01-07 17:57:56
"Analista de Base de Datos","Publicado hace 20 días","www.buscojobs.com.uy/analista-de-base-de-datos-ID-163863",2019-01-07 17:57:56
"Operario de Producción - Planta Industrial","Publicado hace 20 días","www.buscojobs.com.uy/operario-de-produccion-planta-industrial-ID-163862",2019-01-07 17:57:56
"ESTUDIANTES DE CONTADOR PÚBLICO","Publicado hace 20 días","www.buscojobs.com.uy/estudiantes-de-contador-publico-ID-163425",2019-01-07 17:57:56
"arquitecto vendedor obra","Publicado hace 20 días","www.buscojobs.com.uy/arquitecto-vendedor-obra-ID-163851",2019-01-07 17:57:56
"Auxiliar de Compras Temporal","Publicado hace 20 días","www.buscojobs.com.uy/auxiliar-de-compras-temporal-ID-163818",2019-01-07 17:57:56
"Vendedores para servicio de cuidado de pacientes","Publicado hace 20 días","www.buscojobs.com.uy/vendedores-para-servicio-de-cuidado-de-pacientes-ID-163852",2019-01-07 17:57:56
"Analista Contable - contrato 6 meses","Publicado hace 20 días","www.buscojobs.com.uy/analista-contable-contrato-6-meses-ID-163855",2019-01-07 17:57:56
"Recepcionista","Publicado hace 20 días","www.buscojobs.com.uy/recepcionista-ID-163854",2019-01-07 17:57:56
"Vendedora por temporada Marca Internacional Maldonado","Publicado hace 20 días","www.buscojobs.com.uy/vendedora-por-temporada-marca-internacional-maldonado-ID-163853",2019-01-07 17:57:56
"Vendedor/a para local de Amo Cocinar","Publicado hace 21 días","www.buscojobs.com.uy/vendedora-para-local-de-amo-cocinar-ID-163827",2019-01-07 17:57:56
"Recepcionista","Publicado hace 21 días","www.buscojobs.com.uy/recepcionista-ID-163809",2019-01-07 17:57:56
"Visual para tienda 4 hrs","Publicado hace 21 días","www.buscojobs.com.uy/visual-para-tienda-4-hrs-ID-163828",2019-01-07 17:57:56
"Supervisor de Ventas para el canal distribución","Publicado hace 21 días","www.buscojobs.com.uy/supervisor-de-ventas-para-el-canal-distribucion-ID-163840",2019-01-07 17:57:56
"Asesor Comercial para Cementerio Parque","Publicado hace 21 días","www.buscojobs.com.uy/asesor-comercial-para-cementerio-parque-ID-163839",2019-01-07 17:57:56
"Técnico en Soporte de Mantenimiento","Publicado hace 21 días","www.buscojobs.com.uy/tecnico-en-soporte-de-mantenimiento-ID-163834",2019-01-07 17:57:56
"Gerente General","Publicado hace 21 días","www.buscojobs.com.uy/gerente-general-ID-163837",2019-01-07 17:57:56
"Telemarketers-Teleagendadores","Publicado hace 21 días","www.buscojobs.com.uy/telemarketers-teleagendadores-ID-163835",2019-01-07 17:57:56
"Community Manager","Publicado hace 21 días","www.buscojobs.com.uy/community-manager-ID-163817",2019-01-07 17:57:56
"Director/a de Centro Educativo","Publicado hace 21 días","www.buscojobs.com.uy/directora-de-centro-educativo-ID-163832",2019-01-07 17:57:56
"Desarrollador BI","Publicado hace 21 días","www.buscojobs.com.uy/desarrollador-bi-ID-163831",2019-01-07 17:57:56
"Jefe para departamento de Tarjeta","Publicado hace 21 días","www.buscojobs.com.uy/jefe-para-departamento-de-tarjeta-ID-163826",2019-01-07 17:57:56
"Administrativo- OSE- Enero a Abril","Publicado hace 21 días","www.buscojobs.com.uy/administrativo-ose-enero-a-abril-ID-163825",2019-01-07 17:57:56
"Vendedor de Plaza para Trinidad","Publicado hace 21 días","www.buscojobs.com.uy/vendedor-de-plaza-para-trinidad-ID-163830",2019-01-07 17:57:56
"Supervisor - 3 días en la semana","Publicado hace 21 días","www.buscojobs.com.uy/supervisor-3-dias-en-la-semana-ID-163824",2019-01-07 17:57:56
"Coordinador Comercial Administrativo","Publicado hace 21 días","www.buscojobs.com.uy/coordinador-comercial-administrativo-ID-163823",2019-01-07 17:57:56
"PART-TIME PARA ESTUDIANTES UNIVERSITARIOS","Publicado hace 21 días","www.buscojobs.com.uy/part-time-para-estudiantes-universitarios-ID-163821",2019-01-07 17:57:56
"Vendedor/a","Publicado hace 21 días","www.buscojobs.com.uy/vendedora-ID-163795",2019-01-07 17:57:56
"Jefe de Planificación","Publicado hace 21 días","www.buscojobs.com.uy/jefe-de-planificacion-ID-163819",2019-01-07 17:57:56
"SATELLOGIC: Técnico Óptico","Publicado hace 21 días","www.buscojobs.com.uy/satellogic-tecnico-optico-ID-163810",2019-01-07 17:57:56
"Auxiliar de Depósito para zafra","Publicado hace 21 días","www.buscojobs.com.uy/auxiliar-de-deposito-para-zafra-ID-163813",2019-01-07 17:57:56
"L2 Customer Support Architect ($60K/year)  - Remote Work","Publicado hace 23 días","www.buscojobs.com.uy/l2-customer-support-architect-60kyear-remote-work-ID-163800",2019-01-07 17:57:56
"Asistente Contable","Publicado hace 24 días","www.buscojobs.com.uy/asistente-contable-ID-163796",2019-01-07 17:57:56
"ENFERMERO CIRCULANTE","Publicado hace 24 días","www.buscojobs.com.uy/enfermero-circulante-ID-163780",2019-01-07 17:57:56
"Analista Contable Jr","Publicado hace 24 días","www.buscojobs.com.uy/analista-contable-jr-ID-163761",2019-01-07 17:57:56
"Asistente de Expedición- Turno nocturno","Publicado hace 24 días","www.buscojobs.com.uy/asistente-de-expedicion-turno-nocturno-ID-163788",2019-01-07 17:57:56
"Coordinador Deportivo","Publicado hace 24 días","www.buscojobs.com.uy/coordinador-deportivo-ID-163793",2019-01-07 17:57:56
"Encuestador en puntos de venta para Maldonado (contrato por 14 días)","Publicado hace 24 días","www.buscojobs.com.uy/encuestador-en-puntos-de-venta-para-maldonado-contrato-por-14-dias-ID-163787",2019-01-07 17:57:56
"Encuestador puntos de venta para Pta. del Este (contrato por 11 días)","Publicado hace 24 días","www.buscojobs.com.uy/encuestador-puntos-de-venta-para-pta-del-este-contrato-por-11-dias-ID-163786",2019-01-07 17:57:56
"Ayudante de Cocina para Importante Hotel","Publicado hace 24 días","www.buscojobs.com.uy/ayudante-de-cocina-para-importante-hotel-ID-163785",2019-01-07 17:57:56
"Vendedor telefónico","Publicado hace 24 días","www.buscojobs.com.uy/vendedor-telefonico-ID-163779",2019-01-07 17:57:56
"Contador/a","Publicado hace 24 días","www.buscojobs.com.uy/contadora-ID-163781",2019-01-07 17:57:56
"Panadería/Carnicería/Rotisería/Fiambrería","Publicado hace 24 días","www.buscojobs.com.uy/panaderiacarniceriarotiseriafiambreria-ID-163783",2019-01-07 17:57:56
"Repostería Confitería","Publicado hace 24 días","www.buscojobs.com.uy/reposteria-confiteria-ID-163774",2019-01-07 17:57:56
"Ingeniero/ Licenciado/ Analista de Sistemas","Publicado hace 24 días","www.buscojobs.com.uy/ingeniero-licenciado-analista-de-sistemas-ID-163777",2019-01-07 17:57:56
"Auxiliar Administrativo Contable","Publicado hace 24 días","www.buscojobs.com.uy/auxiliar-administrativo-contable-ID-163746",2019-01-07 17:57:56
"Desarrollador Junior .NET","Publicado hace 24 días","www.buscojobs.com.uy/desarrollador-junior-net-ID-163775",2019-01-07 17:57:56
"Analista de Desempeño","Publicado hace 24 días","www.buscojobs.com.uy/analista-de-desempeno-ID-163773",2019-01-07 17:57:56
"Implementador Shopify","Publicado hace 24 días","www.buscojobs.com.uy/implementador-shopify-ID-163763",2019-01-07 17:57:56
"Subencargado/a de local comercial para Montevideo","Publicado hace 25 días","www.buscojobs.com.uy/subencargadoa-de-local-comercial-para-montevideo-ID-163754",2019-01-07 17:57:56
"PQP Advisor","Publicado hace 25 días","www.buscojobs.com.uy/pqp-advisor-ID-163758",2019-01-07 17:57:56
"Jóvenes profesionales Ingeniería, Lic. en Informática y/o afines","Publicado hace 25 días","www.buscojobs.com.uy/jovenes-profesionales-ingenieria-lic-en-informatica-yo-afines-ID-163756",2019-01-07 17:57:56
"Auxiliar administrativo","Publicado hace 25 días","www.buscojobs.com.uy/auxiliar-administrativo-ID-163701",2019-01-07 17:57:56
"Analista Genexus","Publicado hace 25 días","www.buscojobs.com.uy/analista-genexus-ID-163755",2019-01-07 17:57:56
"diseñadora textil y moda para trading","Publicado hace 25 días","www.buscojobs.com.uy/disenadora-textil-y-moda-para-trading-ID-163747",2019-01-07 17:57:56
"Cadeta Limpiadora","Publicado hace 25 días","www.buscojobs.com.uy/cadeta-limpiadora-ID-163753",2019-01-07 17:57:56
"VIGILANTE- VIGILANTE AUXILIAR","Publicado hace 25 días","www.buscojobs.com.uy/vigilante-vigilante-auxiliar-ID-163751",2019-01-07 17:57:56
"BENCO: Vendedor","Publicado hace 25 días","www.buscojobs.com.uy/benco-vendedor-ID-163748",2019-01-07 17:57:56
"Ejecutivo de Servicio al Cliente","Publicado hace 25 días","www.buscojobs.com.uy/ejecutivo-de-servicio-al-cliente-ID-163749",2019-01-07 17:57:56
"CONTADOR","Publicado hace 25 días","www.buscojobs.com.uy/contador-ID-163745",2019-01-07 17:57:56
"Ejecutivo de Cuentas para agencia de publicidad","Publicado hace un mes","www.buscojobs.com.uy/ejecutivo-de-cuentas-para-agencia-de-publicidad-ID-163744",2019-01-07 17:57:56
"WEB DEVELOPER SUPPORT SR","Publicado hace un mes","www.buscojobs.com.uy/web-developer-support-sr-ID-163739",2019-01-07 17:57:56
"Content Assistant","Publicado hace un mes","www.buscojobs.com.uy/content-assistant-ID-163737",2019-01-07 17:57:56
"Auxiliar Control Estacionamiento Contrato a término 16:00 a 24:00horas","Publicado hace un mes","www.buscojobs.com.uy/auxiliar-control-estacionamiento-contrato-a-termino-1600-a-2400horas-ID-163736",2019-01-07 17:57:56
"Auxiliar Administrativo; contar con experiencia","Publicado hace un mes","www.buscojobs.com.uy/auxiliar-administrativo-contar-con-experiencia-ID-163377",2019-01-07 17:57:56
"Técnico para SOPORTE IT","Publicado hace un mes","www.buscojobs.com.uy/tecnico-para-soporte-it-ID-163730",2019-01-07 17:57:56
"Técnico en Sistemas Operativos y Redes IP - Telefónica","Publicado hace un mes","www.buscojobs.com.uy/tecnico-en-sistemas-operativos-y-redes-ip-telefonica-ID-163729",2019-01-07 17:57:56
"Retentions Representative - Portuguese and English Speaker","Publicado hace un mes","www.buscojobs.com.uy/retentions-representative-portuguese-and-english-speaker-ID-163727",2019-01-07 17:57:56
"Jefe de finanzas - Temporal","Publicado hace un mes","www.buscojobs.com.uy/jefe-de-finanzas-temporal-ID-163728",2019-01-07 17:57:56
"COCINERO","Publicado hace un mes","www.buscojobs.com.uy/cocinero-ID-163724",2019-01-07 17:57:56
"COMMUNITY MANAGER Y PLANIFICADOR DE CAMPAÑA","Publicado hace un mes","www.buscojobs.com.uy/community-manager-y-planificador-de-campana-ID-163722",2019-01-07 17:57:56
"Persona para Recepción o caja y o mantenimiento","Publicado hace un mes","www.buscojobs.com.uy/persona-para-recepcion-o-caja-y-o-mantenimiento-ID-163706",2019-01-07 17:57:56
"AUXILIAR CONTABLE Y  AUXILIAR ADMINISTRATIVO","Publicado hace un mes","www.buscojobs.com.uy/auxiliar-contable-y-auxiliar-administrativo-ID-163712",2019-01-07 17:57:56
"AUXILIAR DE VENTAS Y/O DEPOSITO PARA LOCAL COMERCIAL","Publicado hace un mes","www.buscojobs.com.uy/auxiliar-de-ventas-yo-deposito-para-local-comercial-ID-163713",2019-01-07 17:57:56
"Gerente de Proyecto","Publicado hace un mes","www.buscojobs.com.uy/gerente-de-proyecto-ID-163711",2019-01-07 17:57:56
"Responsable de RRHH","Publicado hace un mes","www.buscojobs.com.uy/responsable-de-rrhh-ID-163709",2019-01-07 17:57:56
"Supply Planner","Publicado hace un mes","www.buscojobs.com.uy/supply-planner-ID-163708",2019-01-07 17:57:56
"AUXILIAR ADMINISTRATIVO","Publicado hace un mes","www.buscojobs.com.uy/auxiliar-administrativo-ID-163697",2019-01-07 17:57:56
"Ejecutivo de Cuentas SR.","Publicado hace un mes","www.buscojobs.com.uy/ejecutivo-de-cuentas-sr-ID-163705",2019-01-07 17:57:56
"Asistente de Recursos Humanos (4 horas)","Publicado hace un mes","www.buscojobs.com.uy/asistente-de-recursos-humanos-4-horas-ID-163702",2019-01-07 17:57:56
"Encargado de local gastronómico","Publicado hace un mes","www.buscojobs.com.uy/encargado-de-local-gastronomico-ID-163700",2019-01-07 17:57:56
"Ejecutivo Comercial E-commerce Corp.","Publicado hace un mes","www.buscojobs.com.uy/ejecutivo-comercial-e-commerce-corp-ID-163698",2019-01-07 17:57:56
"Auxiliar de Proyecto (Temporal)","Publicado hace un mes","www.buscojobs.com.uy/auxiliar-de-proyecto-temporal-ID-163675",2019-01-07 17:57:56
"Jefe de Investigación y BI","Publicado hace un mes","www.buscojobs.com.uy/jefe-de-investigacion-y-bi-ID-163694",2019-01-07 17:57:56
"Diseñador gráfico - Perfil comercial","Publicado hace un mes","www.buscojobs.com.uy/disenador-grafico-perfil-comercial-ID-163693",2019-01-07 17:57:56
"Logistica","Publicado hace un mes","www.buscojobs.com.uy/logistica-ID-163669",2019-01-07 17:57:56
"Carniceros/as","Publicado hace un mes","www.buscojobs.com.uy/carnicerosas-ID-163667",2019-01-07 17:57:56
"Administrativa/o para estudio contable","Publicado hace un mes","www.buscojobs.com.uy/administrativao-para-estudio-contable-ID-163691",2019-01-07 17:57:56
"Asistente Técnico","Publicado hace un mes","www.buscojobs.com.uy/asistente-tecnico-ID-163685",2019-01-07 17:57:56
"Merchandiser para zafra escolar","Publicado hace un mes","www.buscojobs.com.uy/merchandiser-para-zafra-escolar-ID-163623",2019-01-07 17:57:56
"Jefe de Embotellado","Publicado hace un mes","www.buscojobs.com.uy/jefe-de-embotellado-ID-163686",2019-01-07 17:57:56
"Secretario de Ventas","Publicado hace un mes","www.buscojobs.com.uy/secretario-de-ventas-ID-163684",2019-01-07 17:57:56
"Guardia de Seguridad","Publicado hace un mes","www.buscojobs.com.uy/guardia-de-seguridad-ID-163621",2019-01-07 17:57:56
"Vendedor de plaza para Sarandi del Yi","Publicado hace un mes","www.buscojobs.com.uy/vendedor-de-plaza-para-sarandi-del-yi-ID-163683",2019-01-07 17:57:56
"ANALISTA Y DISEÑADOR DIGITAL","Publicado hace un mes","www.buscojobs.com.uy/analista-y-disenador-digital-ID-163681",2019-01-07 17:57:56
"Promotor de Afiliaciones Cerro Largo","Publicado hace un mes","www.buscojobs.com.uy/promotor-de-afiliaciones-cerro-largo-ID-163679",2019-01-07 17:57:56
"DISEÑADOR DIGITAL","Publicado hace un mes","www.buscojobs.com.uy/disenador-digital-ID-163680",2019-01-07 17:57:56
"Auxiliar de Coberturas de Guardias","Publicado hace un mes","www.buscojobs.com.uy/auxiliar-de-coberturas-de-guardias-ID-163559",2019-01-07 17:57:56
"Senior Accountant","Publicado hace un mes","www.buscojobs.com.uy/senior-accountant-ID-163677",2019-01-07 17:57:56
"ANALISTA DIGITAL","Publicado hace un mes","www.buscojobs.com.uy/analista-digital-ID-163678",2019-01-07 17:57:56
"Ejecutivo de ventas insumos médicos","Publicado hace un mes","www.buscojobs.com.uy/ejecutivo-de-ventas-insumos-medicos-ID-163676",2019-01-07 17:57:56
"CAJERO/A PARA MINIMERCADO","Publicado hace un mes","www.buscojobs.com.uy/cajeroa-para-minimercado-ID-163674",2019-01-07 17:57:56
"Ayudante de Fontanería - Tercerizado para Ente Público","Publicado hace un mes","www.buscojobs.com.uy/ayudante-de-fontaneria-tercerizado-para-ente-publico-ID-163671",2019-01-07 17:57:56
"Ayudante en Electromecánica","Publicado hace un mes","www.buscojobs.com.uy/ayudante-en-electromecanica-ID-163670",2019-01-07 17:57:56
"VENDEDOR , ASISTENTE","Publicado hace un mes","www.buscojobs.com.uy/vendedor-asistente-ID-163666",2019-01-07 17:57:56
"Oficial Sanitario","Publicado hace un mes","www.buscojobs.com.uy/oficial-sanitario-ID-163665",2019-01-07 17:57:56
"Promotor de Afiliaciones para Dpto. de Rocha","Publicado hace un mes","www.buscojobs.com.uy/promotor-de-afiliaciones-para-dpto-de-rocha-ID-163660",2019-01-07 17:57:56
"Promotor de Afiliaciones para Dpto. de Colonia","Publicado hace un mes","www.buscojobs.com.uy/promotor-de-afiliaciones-para-dpto-de-colonia-ID-163659",2019-01-07 17:57:56
"Peón para empresa del rubro alimenticio","Publicado hace un mes","www.buscojobs.com.uy/peon-para-empresa-del-rubro-alimenticio-ID-163663",2019-01-07 17:57:56
"Promotor de Afiliaciones para Dpto. de Florida","Publicado hace un mes","www.buscojobs.com.uy/promotor-de-afiliaciones-para-dpto-de-florida-ID-163658",2019-01-07 17:57:56
"Analista de Stock","Publicado hace un mes","www.buscojobs.com.uy/analista-de-stock-ID-163657",2019-01-07 17:57:56
"DOCENTE ÁREA CONTABLE, martes y jueves de 18:30 a 22 hs.","Publicado hace un mes","www.buscojobs.com.uy/docente-area-contable-martes-y-jueves-de-1830-a-22-hs-ID-163654",2019-01-07 17:57:56
"Promotor de Afiliaciones para Dpto. de Lavalleja","Publicado hace un mes","www.buscojobs.com.uy/promotor-de-afiliaciones-para-dpto-de-lavalleja-ID-163655",2019-01-07 17:57:56
"Electromecánico","Publicado hace un mes","www.buscojobs.com.uy/electromecanico-ID-163652",2019-01-07 17:57:56
"Soporte técnico - Inglés avanzado","Publicado hace un mes","www.buscojobs.com.uy/soporte-tecnico-ingles-avanzado-ID-163651",2019-01-07 17:57:56
"Recepcionista Administrativa","Publicado hace un mes","www.buscojobs.com.uy/recepcionista-administrativa-ID-163632",2019-01-07 17:57:56
"VENDEDORA ENCARGADA Y CAJERAS PARA LOCALES EN SHOPPINGS","Publicado hace un mes","www.buscojobs.com.uy/vendedora-encargada-y-cajeras-para-locales-en-shoppings-ID-163628",2019-01-07 17:57:56
"Jefe de Producción y Calidad","Publicado hace un mes","www.buscojobs.com.uy/jefe-de-produccion-y-calidad-ID-163584",2019-01-07 17:57:56
"AUXILIAR ADMINISTRATIVA","Publicado hace 9 horas","www.buscojobs.com.uy/auxiliar-administrativa-ID-164219",2019-01-07 17:57:56
"Administrativo Contable","Publicado hace 3 días","www.buscojobs.com.uy/administrativo-contable-ID-164181",2019-01-07 17:57:56
"Chofer repartidor","Publicado hace 4 días","www.buscojobs.com.uy/chofer-repartidor-ID-164168",2019-01-07 17:57:56
"Jefe de Cocina","Publicado hace 4 días","www.buscojobs.com.uy/jefe-de-cocina-ID-164144",2019-01-07 17:57:56
"Promotor de afiliaciones","Publicado hace 5 días","www.buscojobs.com.uy/promotor-de-afiliaciones-ID-164125",2019-01-07 17:57:56
"Ingeniero Junior","Publicado hace 5 días","www.buscojobs.com.uy/ingeniero-junior-ID-164112",2019-01-07 17:57:56
"Licenciado En Comunicación","Publicado hace 21 horas","www.buscojobs.com.uy/licenciado-en-comunicacion-ID-164206",2019-01-07 17:57:56
"Asistente Gº2 Efectivo - Comedu Y Com","Publicado hace 21 horas","www.buscojobs.com.uy/asistente-g2-efectivo-comedu-y-com-ID-164207",2019-01-07 17:57:56
"Gerente","Publicado hace 2 días","www.buscojobs.com.uy/gerente-ID-164202",2019-01-07 17:57:56
"Provisión Efectiva","Publicado hace 4 días","www.buscojobs.com.uy/provision-efectiva-ID-164169",2019-01-07 17:57:56
"Ayudante Física General","Publicado hace 4 días","www.buscojobs.com.uy/ayudante-fisica-general-ID-164170",2019-01-07 17:57:56
"Provisión Interina","Publicado hace 4 días","www.buscojobs.com.uy/provision-interina-ID-164171",2019-01-07 17:57:56
"Ayudante Bioquímica","Publicado hace 4 días","www.buscojobs.com.uy/ayudante-bioquimica-ID-164172",2019-01-07 17:57:56
"Ayudante Convenio Mvotma","Publicado hace 4 días","www.buscojobs.com.uy/ayudante-convenio-mvotma-ID-164173",2019-01-07 17:57:56
"Provisión Interina","Publicado hace 4 días","www.buscojobs.com.uy/provision-interina-ID-164174",2019-01-07 17:57:56
"Provisión Interina","Publicado hace 4 días","www.buscojobs.com.uy/provision-interina-ID-164175",2019-01-07 17:57:56
"Ayudante Convenio Mvotma","Publicado hace 4 días","www.buscojobs.com.uy/ayudante-convenio-mvotma-ID-164176",2019-01-07 17:57:56
"Profesor Adjunto - Manejo De Efluentes","Publicado hace 5 días","www.buscojobs.com.uy/profesor-adjunto-manejo-de-efluentes-ID-164127",2019-01-07 17:57:56
"Asistente","Publicado hace 5 días","www.buscojobs.com.uy/asistente-ID-164128",2019-01-07 17:57:56
"Ayudante De Investigación Para El Agu - Universidad De La República","Publicado hace 5 días","www.buscojobs.com.uy/ayudante-de-investigacion-para-el-agu-universidad-de-la-republica-ID-164129",2019-01-07 17:57:56
"Profesor Asociado - Manejo De Efluentes","Publicado hace 5 días","www.buscojobs.com.uy/profesor-asociado-manejo-de-efluentes-ID-164130",2019-01-07 17:57:56
"Cons Para Restauración De Ecosistema","Publicado hace 5 días","www.buscojobs.com.uy/cons-para-restauracion-de-ecosistema-ID-164139",2019-01-07 17:57:56
"Especializado/A Iv Tic","Publicado hace 6 días","www.buscojobs.com.uy/especializadoa-iv-tic-ID-164097",2019-01-07 17:57:56
"Coordinador De Proyetcos - Utec","Publicado hace 10 días","www.buscojobs.com.uy/coordinador-de-proyetcos-utec-ID-164077",2019-01-07 17:57:56
"Analista De Capital Humano","Publicado hace 10 días","www.buscojobs.com.uy/analista-de-capital-humano-ID-164078",2019-01-07 17:57:56
"Analista Técnico","Publicado hace 10 días","www.buscojobs.com.uy/analista-tecnico-ID-164079",2019-01-07 17:57:56
"Becario De Infarestructura","Publicado hace 10 días","www.buscojobs.com.uy/becario-de-infarestructura-ID-164080",2019-01-07 17:57:56
"Asistente De Laboratorio","Publicado hace 10 días","www.buscojobs.com.uy/asistente-de-laboratorio-ID-164081",2019-01-07 17:57:56
"Analista Académico","Publicado hace 10 días","www.buscojobs.com.uy/analista-academico-ID-164082",2019-01-07 17:57:56
"Asistente Administrativo","Publicado hace 10 días","www.buscojobs.com.uy/asistente-administrativo-ID-164083",2019-01-07 17:57:56
"Becario De Administración","Publicado hace 10 días","www.buscojobs.com.uy/becario-de-administracion-ID-164084",2019-01-07 17:57:56
"Analista De Derecho Público","Publicado hace 10 días","www.buscojobs.com.uy/analista-de-derecho-publico-ID-164085",2019-01-07 17:57:56
"Profesional Científico Contador","Publicado hace 10 días","www.buscojobs.com.uy/profesional-cientifico-contador-ID-164086",2019-01-07 17:57:56
"Ingeniero Agrimensor - Administración Nacional De Educación Pública","Publicado hace 11 días","www.buscojobs.com.uy/ingeniero-agrimensor-administracion-nacional-de-educacion-publica-ID-164047",2019-01-07 17:57:56
"Técnico Habilitado Por La Dnb","Publicado hace 11 días","www.buscojobs.com.uy/tecnico-habilitado-por-la-dnb-ID-164048",2019-01-07 17:57:56
"Escribano/A","Publicado hace 11 días","www.buscojobs.com.uy/escribanoa-ID-164049",2019-01-07 17:57:56
"Operador/A Social","Publicado hace 11 días","www.buscojobs.com.uy/operadora-social-ID-164050",2019-01-07 17:57:56
"Lic En Trabajo Social","Publicado hace 11 días","www.buscojobs.com.uy/lic-en-trabajo-social-ID-164051",2019-01-07 17:57:56
"Apoyo A La Gestión En La Dirección Isef","Publicado hace 12 días","www.buscojobs.com.uy/apoyo-a-la-gestion-en-la-direccion-isef-ID-164006",2019-01-07 17:57:56
"Gestor Ambiental Ecosist Costeros","Publicado hace 12 días","www.buscojobs.com.uy/gestor-ambiental-ecosist-costeros-ID-164007",2019-01-07 17:57:56
"Núcleo Deporte Y Enseñanza, Gº2","Publicado hace 12 días","www.buscojobs.com.uy/nucleo-deporte-y-ensenanza-g2-ID-164008",2019-01-07 17:57:56
"H51746 - Consultor","Publicado hace 12 días","www.buscojobs.com.uy/h51746-consultor-ID-164009",2019-01-07 17:57:56
"Núcleo Deporte Y Enseñanza, Gº2","Publicado hace 12 días","www.buscojobs.com.uy/nucleo-deporte-y-ensenanza-g2-ID-164010",2019-01-07 17:57:56
"Núcleo Deporte Y Enseñanza , Gº 2","Publicado hace 12 días","www.buscojobs.com.uy/nucleo-deporte-y-ensenanza-g-2-ID-164011",2019-01-07 17:57:56
"Prof Adjunto Neurociencias","Publicado hace 12 días","www.buscojobs.com.uy/prof-adjunto-neurociencias-ID-164012",2019-01-07 17:57:56
"Asistente Geografía","Publicado hace 12 días","www.buscojobs.com.uy/asistente-geografia-ID-164013",2019-01-07 17:57:56
"Núcleo Deporte Y Enseñanza, Gº2","Publicado hace 12 días","www.buscojobs.com.uy/nucleo-deporte-y-ensenanza-g2-ID-164014",2019-01-07 17:57:56
"Técncorporales Y Práctartísticas, Gtº2","Publicado hace 12 días","www.buscojobs.com.uy/tecncorporales-y-practartisticas-gt2-ID-164015",2019-01-07 17:57:56
"Técncorporales Y Práctartísticas, Gº1","Publicado hace 12 días","www.buscojobs.com.uy/tecncorporales-y-practartisticas-g1-ID-164016",2019-01-07 17:57:56
"Núcleo Gimnasia, Gº1","Publicado hace 12 días","www.buscojobs.com.uy/nucleo-gimnasia-g1-ID-164017",2019-01-07 17:57:56
"Núcleo Ef, Cultura Y Sociedad, Gº2","Publicado hace 12 días","www.buscojobs.com.uy/nucleo-ef-cultura-y-sociedad-g2-ID-164018",2019-01-07 17:57:56
"Núcleo Ef, Cultura Y Sociedad, Gº1","Publicado hace 12 días","www.buscojobs.com.uy/nucleo-ef-cultura-y-sociedad-g1-ID-164019",2019-01-07 17:57:56
"Núcleo Educ, Recreacy Naturaleza, Gº2","Publicado hace 12 días","www.buscojobs.com.uy/nucleo-educ-recreacy-naturaleza-g2-ID-164020",2019-01-07 17:57:56
"Núcleo Juego Y Lúdica, Gº1","Publicado hace 12 días","www.buscojobs.com.uy/nucleo-juego-y-ludica-g1-ID-164021",2019-01-07 17:57:56
"Asistente Centro Matemática","Publicado hace 13 días","www.buscojobs.com.uy/asistente-centro-matematica-ID-163973",2019-01-07 17:57:56
"Ayudante Matemática","Publicado hace 13 días","www.buscojobs.com.uy/ayudante-matematica-ID-163974",2019-01-07 17:57:56
"Provisión Por Contrato","Publicado hace 13 días","www.buscojobs.com.uy/provision-por-contrato-ID-163975",2019-01-07 17:57:56
"Ayud Quirurgico De Urologia","Publicado hace 13 días","www.buscojobs.com.uy/ayud-quirurgico-de-urologia-ID-163976",2019-01-07 17:57:56
"Provisión Por Contrato","Publicado hace 13 días","www.buscojobs.com.uy/provision-por-contrato-ID-163977",2019-01-07 17:57:56
"Maquinista Vial","Publicado hace 15 días","www.buscojobs.com.uy/maquinista-vial-ID-163960",2019-01-07 17:57:56
"Ayudante Proyecto Cse","Publicado hace 15 días","www.buscojobs.com.uy/ayudante-proyecto-cse-ID-163964",2019-01-07 17:57:56
"Asistente Biología Celelar","Publicado hace 15 días","www.buscojobs.com.uy/asistente-biologia-celelar-ID-163965",2019-01-07 17:57:56
"Asistente Biología Celular","Publicado hace 15 días","www.buscojobs.com.uy/asistente-biologia-celular-ID-163966",2019-01-07 17:57:56
"Maquinista Vial","Publicado hace 15 días","www.buscojobs.com.uy/maquinista-vial-ID-163960",2019-01-07 17:57:56
"Docentes De Operaciones Unitarias","Publicado hace 17 días","www.buscojobs.com.uy/docentes-de-operaciones-unitarias-ID-163956",2019-01-07 17:57:56
"Gº2 Ic Curso Acondicionamiento Natural","Publicado hace 18 días","www.buscojobs.com.uy/g2-ic-curso-acondicionamiento-natural-ID-163923",2019-01-07 17:57:56
"Ayudante Pot Iº Social","Publicado hace 18 días","www.buscojobs.com.uy/ayudante-pot-i-social-ID-163924",2019-01-07 17:57:56
"Asistente Iº Educación","Publicado hace 18 días","www.buscojobs.com.uy/asistente-i-educacion-ID-163925",2019-01-07 17:57:56
"Coordinador Uae -Cure - Universidad De La República - Centro Universitario Regional Del Este","Publicado hace 19 días","www.buscojobs.com.uy/coordinador-uae-cure-universidad-de-la-republica-centro-universitario-regional-del-este-ID-163899",2019-01-07 17:57:56
"Profesor Titular (Gº5) - Universidad De La República - Centro Universitario Regional Del Este","Publicado hace 19 días","www.buscojobs.com.uy/profesor-titular-g5-universidad-de-la-republica-centro-universitario-regional-del-este-ID-163900",2019-01-07 17:57:56
"Gº1 Eucd Área Tecn Textil-Indumentaria","Publicado hace 19 días","www.buscojobs.com.uy/g1-eucd-area-tecn-textil-indumentaria-ID-163901",2019-01-07 17:57:56
"Interino Gº1-Dtyt De Info-Archivología","Publicado hace 19 días","www.buscojobs.com.uy/interino-g1-dtyt-de-info-archivologia-ID-163903",2019-01-07 17:57:56
"Ingeniero Hidráulico","Publicado hace 19 días","www.buscojobs.com.uy/ingeniero-hidraulico-ID-163904",2019-01-07 17:57:56
"Interino - Gº1 -Unidad De Comunicación","Publicado hace 20 días","www.buscojobs.com.uy/interino-g1-unidad-de-comunicacion-ID-163871",2019-01-07 17:57:56
"Consultor Asesor Economista Para Acce","Publicado hace 20 días","www.buscojobs.com.uy/consultor-asesor-economista-para-acce-ID-163872",2019-01-07 17:57:56
"Responsable Evaluación Y Monitoreo","Publicado hace 20 días","www.buscojobs.com.uy/responsable-evaluacion-y-monitoreo-ID-163877",2019-01-07 17:57:56
"Gr 1 Anatomía Patológica","Publicado hace 21 días","www.buscojobs.com.uy/gr-1-anatomia-patologica-ID-163844",2019-01-07 17:57:56
"Gr 1 Cirugía Bmf Ii","Publicado hace 21 días","www.buscojobs.com.uy/gr-1-cirugia-bmf-ii-ID-163845",2019-01-07 17:57:56
"Asistente Ii De Laboratorio","Publicado hace 21 días","www.buscojobs.com.uy/asistente-ii-de-laboratorio-ID-163847",2019-01-07 17:57:56
"918013 - Becarios-As Ccee","Publicado hace 22 días","www.buscojobs.com.uy/918013-becarios-as-ccee-ID-163805",2019-01-07 17:57:56
"918012 - Becarios-As Psicología","Publicado hace 22 días","www.buscojobs.com.uy/918012-becarios-as-psicologia-ID-163806",2019-01-07 17:57:56
"Gr 2 Cátedra De Radiología Y Fisioterap","Publicado hace 22 días","www.buscojobs.com.uy/gr-2-catedra-de-radiologia-y-fisioterap-ID-163807",2019-01-07 17:57:56
"Gr 4 Dpto Odontología Hosp De Clínicas","Publicado hace 24 días","www.buscojobs.com.uy/gr-4-dpto-odontologia-hosp-de-clinicas-ID-163797",2019-01-07 17:57:56
"Docente - Adjunto Grado 3","Publicado hace 25 días","www.buscojobs.com.uy/docente-adjunto-grado-3-ID-163765",2019-01-07 17:57:56
"Asistente En El Área De Ingeniería Civil","Publicado hace 25 días","www.buscojobs.com.uy/asistente-en-el-area-de-ingenieria-civil-ID-163768",2019-01-07 17:57:56
"Asistente Ingenieria Civil","Publicado hace 25 días","www.buscojobs.com.uy/asistente-ingenieria-civil-ID-163769",2019-01-07 17:57:56
"Especialista En Ordenamiento Territorial - Presidencia De La República","Publicado hace 25 días","www.buscojobs.com.uy/especialista-en-ordenamiento-territorial-presidencia-de-la-republica-ID-163770",2019-01-07 17:57:56
"Especialista En Proyectos Urbanos - Presidencia De La República","Publicado hace 25 días","www.buscojobs.com.uy/especialista-en-proyectos-urbanos-presidencia-de-la-republica-ID-163771",2019-01-07 17:57:56
"Consultor/A Nacional En Comunicaciones","Publicado hace un mes","www.buscojobs.com.uy/consultora-nacional-en-comunicaciones-ID-163741",2019-01-07 17:57:56
"Beca Laboratorio Central De Prótesis","Publicado hace un mes","www.buscojobs.com.uy/beca-laboratorio-central-de-protesis-ID-163717",2019-01-07 17:57:56
"90/18 Prof Adj Historia Y Filosofía De","Publicado hace un mes","www.buscojobs.com.uy/9018-prof-adj-historia-y-filosofia-de-ID-163718",2019-01-07 17:57:56
"Gr 2 Cátedra De Cirugía Bmf Ii","Publicado hace un mes","www.buscojobs.com.uy/gr-2-catedra-de-cirugia-bmf-ii-ID-163638",2019-01-07 17:57:56
"Gr 3 Cátedra De Endodoncia","Publicado hace un mes","www.buscojobs.com.uy/gr-3-catedra-de-endodoncia-ID-163639",2019-01-07 17:57:56
"Gr 2 Cátedra De Operatoria Dental","Publicado hace un mes","www.buscojobs.com.uy/gr-2-catedra-de-operatoria-dental-ID-163646",2019-01-07 17:57:56
"Ay Fisiología Y Genética Bacteriana","Publicado hace un mes","www.buscojobs.com.uy/ay-fisiologia-y-genetica-bacteriana-ID-163648",2019-01-07 17:57:56
"Gr 2 Carrera De Higienista","Publicado hace un mes","www.buscojobs.com.uy/gr-2-carrera-de-higienista-ID-163649",2019-01-07 17:57:56
"Gr1 Carrera De Laboratorista-Prót Fija","Publicado hace un mes","www.buscojobs.com.uy/gr1-carrera-de-laboratorista-prot-fija-ID-163656",2019-01-07 17:57:56
"Gr 3 Cátedra De Paradentología","Publicado hace un mes","www.buscojobs.com.uy/gr-3-catedra-de-paradentologia-ID-163579",2019-01-07 17:57:56
"Gr 2 Cátedra De Anatomía Patológica","Publicado hace un mes","www.buscojobs.com.uy/gr-2-catedra-de-anatomia-patologica-ID-163580",2019-01-07 17:57:56
"Gr 4 Dpto De Odontología-Hosp Clinicas","Publicado hace un mes","www.buscojobs.com.uy/gr-4-dpto-de-odontologia-hosp-clinicas-ID-163581",2019-01-07 17:57:56
"G°3, 18 Hs Dpto Ccss Cenur Ln","Publicado hace un mes","www.buscojobs.com.uy/g3-18-hs-dpto-ccss-cenur-ln-ID-163588",2019-01-07 17:57:56
"Asistente Gº 2 30Hrs - Area Enseñanza","Publicado hace un mes","www.buscojobs.com.uy/asistente-g-2-30hrs-area-ensenanza-ID-163520",2019-01-07 17:57:56
"Gr 3 Servicio De Prótesis Bmf","Publicado hace un mes","www.buscojobs.com.uy/gr-3-servicio-de-protesis-bmf-ID-163521",2019-01-07 17:57:56
"Gr 3 Ortopedia Dmf","Publicado hace un mes","www.buscojobs.com.uy/gr-3-ortopedia-dmf-ID-163523",2019-01-07 17:57:56
"Asistente, Gº 2, 30 Hrs - Area Extensión","Publicado hace un mes","www.buscojobs.com.uy/asistente-g-2-30-hrs-area-extension-ID-163524",2019-01-07 17:57:56
"Gr 2 Odontopediatría","Publicado hace un mes","www.buscojobs.com.uy/gr-2-odontopediatria-ID-163533",2019-01-07 17:57:56
"Gr 2 Ortopedia Dmf","Publicado hace un mes","www.buscojobs.com.uy/gr-2-ortopedia-dmf-ID-163534",2019-01-07 17:57:56
"Ayudante Oem","Publicado hace un mes","www.buscojobs.com.uy/ayudante-oem-ID-163549",2019-01-07 17:57:56
"Docente De Infraestructura - Utec","Publicado hace un mes","www.buscojobs.com.uy/docente-de-infraestructura-utec-ID-163397",2019-01-07 17:57:56
"Asistente, Gº2, Dpto Práctcorporales","Publicado hace un mes","www.buscojobs.com.uy/asistente-g2-dpto-practcorporales-ID-163262",2019-01-07 17:57:56
"Asistente, Gº2, Dpto Práctcorporales","Publicado hace un mes","www.buscojobs.com.uy/asistente-g2-dpto-practcorporales-ID-163263",2019-01-07 17:57:56
"Asistente, Gº2, Dpto Practcorporales","Publicado hace un mes","www.buscojobs.com.uy/asistente-g2-dpto-practcorporales-ID-163264",2019-01-07 17:57:56
"Asistente, Gº2, Dpto Práctcorporales","Publicado hace un mes","www.buscojobs.com.uy/asistente-g2-dpto-practcorporales-ID-163265",2019-01-07 17:57:56
"Asistente, Gº2, Dpto Práctcorporales","Publicado hace un mes","www.buscojobs.com.uy/asistente-g2-dpto-practcorporales-ID-163266",2019-01-07 17:57:56
"Asistente, Gº2, Dptopráctcorporales","Publicado hace un mes","www.buscojobs.com.uy/asistente-g2-dptopractcorporales-ID-163267",2019-01-07 17:57:56
"Asistente, Gº2, Dpto-Practcorporales","Publicado hace un mes","www.buscojobs.com.uy/asistente-g2-dpto-practcorporales-ID-163268",2019-01-07 17:57:56
"Asistente, Gº2, Dpto Práctcoporales","Publicado hace un mes","www.buscojobs.com.uy/asistente-g2-dpto-practcoporales-ID-163269",2019-01-07 17:57:56
"Asistente, Gº2, Dpto Práctcorporales","Publicado hace un mes","www.buscojobs.com.uy/asistente-g2-dpto-practcorporales-ID-163270",2019-01-07 17:57:56
"Asistente, Gº2, Dpto Práctcorporales","Publicado hace un mes","www.buscojobs.com.uy/asistente-g2-dpto-practcorporales-ID-163271",2019-01-07 17:57:56
"Asistente, Gº2, Dpto Salud","Publicado hace un mes","www.buscojobs.com.uy/asistente-g2-dpto-salud-ID-163272",2019-01-07 17:57:56
"Asistente, Gº2, Dptopráctcorporales","Publicado hace un mes","www.buscojobs.com.uy/asistente-g2-dptopractcorporales-ID-163273",2019-01-07 17:57:56
"Asistente, Gº2, Dpto Salud","Publicado hace un mes","www.buscojobs.com.uy/asistente-g2-dpto-salud-ID-163274",2019-01-07 17:57:56
"Asistente, Gº2, Dpto Salud","Publicado hace un mes","www.buscojobs.com.uy/asistente-g2-dpto-salud-ID-163275",2019-01-07 17:57:56
"Asistente, Gº2, Dpto Salud","Publicado hace un mes","www.buscojobs.com.uy/asistente-g2-dpto-salud-ID-163276",2019-01-07 17:57:56
"Gº3 Ic Laboratorio De Ensayos","Publicado hace un mes","www.buscojobs.com.uy/g3-ic-laboratorio-de-ensayos-ID-163281",2019-01-07 17:57:56
"Colaborador Honorario Sala De Redacción","Publicado hace un mes","www.buscojobs.com.uy/colaborador-honorario-sala-de-redaccion-ID-163283",2019-01-07 17:57:56
"Asistente, Gº2, Dpto Deporte","Publicado hace un mes","www.buscojobs.com.uy/asistente-g2-dpto-deporte-ID-163284",2019-01-07 17:57:56
"Asistente, Gº2, Dpto De Deporte","Publicado hace un mes","www.buscojobs.com.uy/asistente-g2-dpto-de-deporte-ID-163285",2019-01-07 17:57:56
"Asistente, Gº2, Dpto De Deporte","Publicado hace un mes","www.buscojobs.com.uy/asistente-g2-dpto-de-deporte-ID-163286",2019-01-07 17:57:56
"Asistente, Gº2, Dpto De Deporte","Publicado hace un mes","www.buscojobs.com.uy/asistente-g2-dpto-de-deporte-ID-163287",2019-01-07 17:57:56
"Asistente, Gº2, Dptode Deporte","Publicado hace un mes","www.buscojobs.com.uy/asistente-g2-dptode-deporte-ID-163288",2019-01-07 17:57:56
"Asistente, Gº2, Dpto De Deporte","Publicado hace un mes","www.buscojobs.com.uy/asistente-g2-dpto-de-deporte-ID-163289",2019-01-07 17:57:56
"Asistente, Gº2, Dpto De Deporte","Publicado hace un mes","www.buscojobs.com.uy/asistente-g2-dpto-de-deporte-ID-163290",2019-01-07 17:57:56
"Asistente, Gº2, Dpto De Deporte","Publicado hace un mes","www.buscojobs.com.uy/asistente-g2-dpto-de-deporte-ID-163291",2019-01-07 17:57:56
"Asistente, Gº2, Dpto De Deporte","Publicado hace un mes","www.buscojobs.com.uy/asistente-g2-dpto-de-deporte-ID-163292",2019-01-07 17:57:56
"Asistente, Gº2, Dpto De Deporte","Publicado hace un mes","www.buscojobs.com.uy/asistente-g2-dpto-de-deporte-ID-163293",2019-01-07 17:57:56
"Asistente, Gº2, Dpto Prác Corporales","Publicado hace un mes","www.buscojobs.com.uy/asistente-g2-dpto-prac-corporales-ID-163294",2019-01-07 17:57:56
"Asistente, Gº2, Dptosalud","Publicado hace un mes","www.buscojobs.com.uy/asistente-g2-dptosalud-ID-163295",2019-01-07 17:57:56
"Asistente, Gº2, Dpto Salud","Publicado hace un mes","www.buscojobs.com.uy/asistente-g2-dpto-salud-ID-163296",2019-01-07 17:57:56
"Asistente, Gº2, Dpto Salud","Publicado hace un mes","www.buscojobs.com.uy/asistente-g2-dpto-salud-ID-163297",2019-01-07 17:57:56
"Asistente, Gº2, Dpto Salud","Publicado hace un mes","www.buscojobs.com.uy/asistente-g2-dpto-salud-ID-163298",2019-01-07 17:57:56
"Asistente, Gº2, Dpto Salud","Publicado hace un mes","www.buscojobs.com.uy/asistente-g2-dpto-salud-ID-163299",2019-01-07 17:57:56
"Asistente, Gº2, Tiempo Libre","Publicado hace un mes","www.buscojobs.com.uy/asistente-g2-tiempo-libre-ID-163300",2019-01-07 17:57:56
"Asistente, Gº2, Dpto Salud","Publicado hace un mes","www.buscojobs.com.uy/asistente-g2-dpto-salud-ID-163301",2019-01-07 17:57:56
"Asistente, Gº2, Dpto Tiempo Libre","Publicado hace un mes","www.buscojobs.com.uy/asistente-g2-dpto-tiempo-libre-ID-163302",2019-01-07 17:57:56
"Asistente, Gº2, Dpto Tiempo Libre","Publicado hace un mes","www.buscojobs.com.uy/asistente-g2-dpto-tiempo-libre-ID-163303",2019-01-07 17:57:56
"Asistente, Gº2, Dptotiempo Libre","Publicado hace un mes","www.buscojobs.com.uy/asistente-g2-dptotiempo-libre-ID-163304",2019-01-07 17:57:56
"Asistente, Gº2, Dptotiempo Libre","Publicado hace un mes","www.buscojobs.com.uy/asistente-g2-dptotiempo-libre-ID-163305",2019-01-07 17:57:56
"Asistente, Gº2, Dpto Tiempo Libre","Publicado hace un mes","www.buscojobs.com.uy/asistente-g2-dpto-tiempo-libre-ID-163306",2019-01-07 17:57:56
"Asistente, Gº2, Dpto Tiempo Libre","Publicado hace un mes","www.buscojobs.com.uy/asistente-g2-dpto-tiempo-libre-ID-163307",2019-01-07 17:57:56
"Asistente, Gº2, Dpto Tiempo Libre","Publicado hace un mes","www.buscojobs.com.uy/asistente-g2-dpto-tiempo-libre-ID-163308",2019-01-07 17:57:56
"Prof Agdo Para El Dpto Nut Clínica","Publicado hace un mes","www.buscojobs.com.uy/prof-agdo-para-el-dpto-nut-clinica-ID-163200",2019-01-07 17:57:56
"Provisión Efectiva","Publicado hace 2 meses","www.buscojobs.com.uy/provision-efectiva-ID-163079",2019-01-07 17:57:56
"Provisión Efectiva","Publicado hace 2 meses","www.buscojobs.com.uy/provision-efectiva-ID-163082",2019-01-07 17:57:56
"Asistente Dpto Alimentos","Publicado hace 2 meses","www.buscojobs.com.uy/asistente-dpto-alimentos-ID-163043",2019-01-07 17:57:56
"Mod Sistema Pol, Curso Cp Fcea","Publicado hace 2 meses","www.buscojobs.com.uy/mod-sistema-pol-curso-cp-fcea-ID-162931",2019-01-07 17:57:56
"Doc En Fm Teóricos Y Metodológicos Ts","Publicado hace 2 meses","www.buscojobs.com.uy/doc-en-fm-teoricos-y-metodologicos-ts-ID-162938",2019-01-07 17:57:56
"Gr 5 Cátedra De Operatoria Dental Ii","Publicado hace 3 meses","www.buscojobs.com.uy/gr-5-catedra-de-operatoria-dental-ii-ID-161670",2019-01-07 17:57:56
